id,date,vaccines,tests,confirmed,recovered,deaths,hosp,vent,icu,population,school_closing,workplace_closing,cancel_events,gatherings_restrictions,transport_closing,stay_home_restrictions,internal_movement_restrictions,international_movement_restrictions,information_campaigns,testing_policy,contact_tracing,stringency_index,iso_alpha_3,iso_alpha_2,iso_numeric,currency,administrative_area_level,administrative_area_level_1,administrative_area_level_2,administrative_area_level_3,latitude,longitude,key,key_apple_mobility,key_google_mobility
RUS,2020-01-22,NA,NA,NA,NA,NA,NA,NA,NA,144478050,0,0,0,0,0,0,0,0,0,0,0,0,RUS,RU,643,RUB,1,Russia,NA,NA,60,100,NA,Russia,RU
RUS,2020-01-23,NA,NA,NA,NA,NA,NA,NA,NA,144478050,0,0,0,0,0,0,0,0,0,0,0,0,RUS,RU,643,RUB,1,Russia,NA,NA,60,100,NA,Russia,RU
RUS,2020-01-24,NA,NA,NA,NA,NA,NA,NA,NA,144478050,0,0,0,0,0,0,0,0,0,0,0,0,RUS,RU,643,RUB,1,Russia,NA,NA,60,100,NA,Russia,RU
RUS,2020-01-25,NA,NA,NA,NA,NA,NA,NA,NA,144478050,0,0,0,0,0,0,0,0,0,0,0,0,RUS,RU,643,RUB,1,Russia,NA,NA,60,100,NA,Russia,RU
RUS,2020-01-26,NA,NA,NA,NA,NA,NA,NA,NA,144478050,0,0,0,0,0,0,0,0,0,0,0,0,RUS,RU,643,RUB,1,Russia,NA,NA,60,100,NA,Russia,RU
RUS,2020-01-27,NA,NA,NA,NA,NA,NA,NA,NA,144478050,0,0,0,0,0,0,0,0,0,0,0,0,RUS,RU,643,RUB,1,Russia,NA,NA,60,100,NA,Russia,RU
RUS,2020-01-28,NA,NA,NA,NA,NA,NA,NA,NA,144478050,0,0,0,0,0,0,0,0,0,0,0,0,RUS,RU,643,RUB,1,Russia,NA,NA,60,100,NA,Russia,RU
RUS,2020-01-29,NA,NA,NA,NA,NA,NA,NA,NA,144478050,0,0,0,0,0,0,0,0,0,0,0,0,RUS,RU,643,RUB,1,Russia,NA,NA,60,100,NA,Russia,RU
RUS,2020-01-30,NA,NA,NA,NA,NA,NA,NA,NA,144478050,0,0,0,0,0,0,0,3,0,0,0,8.33,RUS,RU,643,RUB,1,Russia,NA,NA,60,100,NA,Russia,RU
RUS,2020-01-31,NA,NA,2,NA,NA,NA,NA,NA,144478050,0,0,0,0,0,0,0,3,0,1,0,8.33,RUS,RU,643,RUB,1,Russia,NA,NA,60,100,NA,Russia,RU
RUS,2020-02-01,NA,NA,2,NA,NA,NA,NA,NA,144478050,0,0,0,0,0,0,0,3,0,1,0,8.33,RUS,RU,643,RUB,1,Russia,NA,NA,60,100,NA,Russia,RU
RUS,2020-02-02,NA,NA,2,NA,NA,NA,NA,NA,144478050,0,0,0,0,0,0,0,3,0,1,0,8.33,RUS,RU,643,RUB,1,Russia,NA,NA,60,100,NA,Russia,RU
RUS,2020-02-03,NA,NA,2,NA,NA,NA,NA,NA,144478050,0,0,0,0,0,0,0,3,0,1,0,8.33,RUS,RU,643,RUB,1,Russia,NA,NA,60,100,NA,Russia,RU
RUS,2020-02-04,NA,NA,2,NA,NA,NA,NA,NA,144478050,0,0,0,0,0,0,0,3,0,1,0,8.33,RUS,RU,643,RUB,1,Russia,NA,NA,60,100,NA,Russia,RU
RUS,2020-02-05,NA,NA,2,NA,NA,NA,NA,NA,144478050,0,0,0,0,0,0,0,3,0,1,0,8.33,RUS,RU,643,RUB,1,Russia,NA,NA,60,100,NA,Russia,RU
RUS,2020-02-06,NA,NA,2,NA,NA,NA,NA,NA,144478050,0,0,0,0,0,0,0,3,0,1,0,8.33,RUS,RU,643,RUB,1,Russia,NA,NA,60,100,NA,Russia,RU
RUS,2020-02-07,NA,NA,2,NA,NA,NA,NA,NA,144478050,0,0,0,0,0,0,0,3,0,1,0,8.33,RUS,RU,643,RUB,1,Russia,NA,NA,60,100,NA,Russia,RU
RUS,2020-02-08,NA,NA,2,NA,NA,NA,NA,NA,144478050,0,0,0,0,0,0,0,3,0,1,0,8.33,RUS,RU,643,RUB,1,Russia,NA,NA,60,100,NA,Russia,RU
RUS,2020-02-09,NA,NA,2,NA,NA,NA,NA,NA,144478050,0,0,0,0,0,0,0,3,0,1,0,8.33,RUS,RU,643,RUB,1,Russia,NA,NA,60,100,NA,Russia,RU
RUS,2020-02-10,NA,NA,2,NA,NA,NA,NA,NA,144478050,0,0,0,0,0,0,0,3,0,1,0,8.33,RUS,RU,643,RUB,1,Russia,NA,NA,60,100,NA,Russia,RU
RUS,2020-02-11,NA,NA,2,NA,NA,NA,NA,NA,144478050,0,0,0,0,0,0,0,3,0,1,0,8.33,RUS,RU,643,RUB,1,Russia,NA,NA,60,100,NA,Russia,RU
RUS,2020-02-12,NA,NA,2,2,NA,NA,NA,NA,144478050,0,0,0,0,0,0,0,3,0,1,0,8.33,RUS,RU,643,RUB,1,Russia,NA,NA,60,100,NA,Russia,RU
RUS,2020-02-13,NA,NA,2,2,NA,NA,NA,NA,144478050,0,0,0,0,0,0,0,3,0,1,0,8.33,RUS,RU,643,RUB,1,Russia,NA,NA,60,100,NA,Russia,RU
RUS,2020-02-14,NA,NA,2,2,NA,NA,NA,NA,144478050,0,0,0,0,0,0,0,3,0,1,0,8.33,RUS,RU,643,RUB,1,Russia,NA,NA,60,100,NA,Russia,RU
RUS,2020-02-15,NA,NA,2,2,NA,NA,NA,NA,144478050,0,0,0,0,0,0,0,3,0,1,0,8.33,RUS,RU,643,RUB,1,Russia,NA,NA,60,100,NA,Russia,RU
RUS,2020-02-16,NA,NA,2,2,NA,NA,NA,NA,144478050,0,0,0,0,0,0,0,3,0,1,0,8.33,RUS,RU,643,RUB,1,Russia,NA,NA,60,100,NA,Russia,RU
RUS,2020-02-17,NA,NA,2,2,NA,NA,NA,NA,144478050,0,0,0,0,0,0,0,3,0,1,0,8.33,RUS,RU,643,RUB,1,Russia,NA,NA,60,100,NA,Russia,RU
RUS,2020-02-18,NA,NA,2,2,NA,NA,NA,NA,144478050,0,0,0,0,0,0,0,3,0,1,0,8.33,RUS,RU,643,RUB,1,Russia,NA,NA,60,100,NA,Russia,RU
RUS,2020-02-19,NA,NA,2,2,NA,NA,NA,NA,144478050,0,0,0,0,0,0,0,3,0,1,0,8.33,RUS,RU,643,RUB,1,Russia,NA,NA,60,100,NA,Russia,RU
RUS,2020-02-20,NA,NA,2,2,NA,NA,NA,NA,144478050,0,0,0,0,0,0,0,3,0,1,0,8.33,RUS,RU,643,RUB,1,Russia,NA,NA,60,100,NA,Russia,RU
RUS,2020-02-21,NA,NA,2,2,NA,NA,NA,NA,144478050,0,0,0,0,0,0,0,3,0,1,0,8.33,RUS,RU,643,RUB,1,Russia,NA,NA,60,100,NA,Russia,RU
RUS,2020-02-22,NA,NA,2,2,NA,NA,NA,NA,144478050,0,0,0,0,0,0,0,3,0,1,0,8.33,RUS,RU,643,RUB,1,Russia,NA,NA,60,100,NA,Russia,RU
RUS,2020-02-23,NA,NA,2,2,NA,NA,NA,NA,144478050,0,0,0,0,0,0,0,3,0,1,0,8.33,RUS,RU,643,RUB,1,Russia,NA,NA,60,100,NA,Russia,RU
RUS,2020-02-24,NA,NA,2,2,NA,NA,NA,NA,144478050,0,0,0,0,0,0,0,3,0,1,0,8.33,RUS,RU,643,RUB,1,Russia,NA,NA,60,100,NA,Russia,RU
RUS,2020-02-25,NA,NA,2,2,NA,NA,NA,NA,144478050,0,0,0,0,0,0,0,3,0,1,0,8.33,RUS,RU,643,RUB,1,Russia,NA,NA,60,100,NA,Russia,RU
RUS,2020-02-26,NA,NA,2,2,NA,NA,NA,NA,144478050,0,0,0,0,0,0,0,3,0,1,0,8.33,RUS,RU,643,RUB,1,Russia,NA,NA,60,100,NA,Russia,RU
RUS,2020-02-27,NA,NA,2,2,NA,NA,NA,NA,144478050,0,0,0,0,0,0,0,3,0,1,0,8.33,RUS,RU,643,RUB,1,Russia,NA,NA,60,100,NA,Russia,RU
RUS,2020-02-28,NA,NA,2,2,NA,NA,NA,NA,144478050,0,0,0,0,0,0,0,3,0,1,0,8.33,RUS,RU,643,RUB,1,Russia,NA,NA,60,100,NA,Russia,RU
RUS,2020-02-29,NA,NA,2,2,NA,NA,NA,NA,144478050,0,0,0,0,0,0,0,3,0,1,0,8.33,RUS,RU,643,RUB,1,Russia,NA,NA,60,100,NA,Russia,RU
RUS,2020-03-01,NA,NA,2,2,NA,NA,NA,NA,144478050,0,0,0,0,0,0,0,3,0,1,0,8.33,RUS,RU,643,RUB,1,Russia,NA,NA,60,100,NA,Russia,RU
RUS,2020-03-02,NA,NA,3,2,NA,NA,NA,NA,144478050,0,0,0,0,0,0,0,3,0,1,0,8.33,RUS,RU,643,RUB,1,Russia,NA,NA,60,100,NA,Russia,RU
RUS,2020-03-03,NA,NA,3,2,NA,NA,NA,NA,144478050,0,0,0,0,0,0,0,3,0,1,0,8.33,RUS,RU,643,RUB,1,Russia,NA,NA,60,100,NA,Russia,RU
RUS,2020-03-04,NA,46414,3,2,NA,NA,NA,NA,144478050,0,0,0,0,0,0,0,3,0,1,0,8.33,RUS,RU,643,RUB,1,Russia,NA,NA,60,100,NA,Russia,RU
RUS,2020-03-05,NA,51366,4,2,NA,NA,NA,NA,144478050,0,0,0,0,0,2,2,3,0,1,2,22.22,RUS,RU,643,RUB,1,Russia,NA,NA,60,100,NA,Russia,RU
RUS,2020-03-06,NA,55688,13,2,NA,NA,NA,NA,144478050,0,0,0,0,0,2,2,3,0,1,2,22.22,RUS,RU,643,RUB,1,Russia,NA,NA,60,100,NA,Russia,RU
RUS,2020-03-07,NA,59960,13,2,NA,NA,NA,NA,144478050,0,0,0,0,0,2,2,3,0,1,2,22.22,RUS,RU,643,RUB,1,Russia,NA,NA,60,100,NA,Russia,RU
RUS,2020-03-08,NA,63191,17,3,NA,NA,NA,NA,144478050,0,0,0,0,0,2,2,3,0,1,2,22.22,RUS,RU,643,RUB,1,Russia,NA,NA,60,100,NA,Russia,RU
RUS,2020-03-09,NA,NA,17,3,NA,NA,NA,NA,144478050,0,0,0,0,0,2,2,3,0,1,2,22.22,RUS,RU,643,RUB,1,Russia,NA,NA,60,100,NA,Russia,RU
RUS,2020-03-10,NA,70601,20,3,NA,NA,NA,NA,144478050,0,0,2,1,0,2,2,3,0,1,2,31.94,RUS,RU,643,RUB,1,Russia,NA,NA,60,100,NA,Russia,RU
RUS,2020-03-11,NA,76963,20,3,NA,NA,NA,NA,144478050,0,0,2,1,0,2,2,3,0,1,2,31.94,RUS,RU,643,RUB,1,Russia,NA,NA,60,100,NA,Russia,RU
RUS,2020-03-12,NA,NA,28,3,NA,NA,NA,NA,144478050,0,0,2,1,0,2,2,3,0,1,2,31.94,RUS,RU,643,RUB,1,Russia,NA,NA,60,100,NA,Russia,RU
RUS,2020-03-13,NA,94852,45,3,NA,NA,NA,NA,144478050,0,0,2,1,0,2,2,3,0,1,2,31.94,RUS,RU,643,RUB,1,Russia,NA,NA,60,100,NA,Russia,RU
RUS,2020-03-14,NA,104883,59,8,NA,NA,NA,NA,144478050,1,0,2,1,0,2,2,3,0,1,2,35.65,RUS,RU,643,RUB,1,Russia,NA,NA,60,100,NA,Russia,RU
RUS,2020-03-15,NA,109939,63,8,NA,NA,NA,NA,144478050,1,0,2,1,0,2,2,3,0,1,2,35.65,RUS,RU,643,RUB,1,Russia,NA,NA,60,100,NA,Russia,RU
RUS,2020-03-16,NA,116061,90,8,NA,NA,NA,NA,144478050,1,0,2,3,0,2,2,3,2,1,2,50.46,RUS,RU,643,RUB,1,Russia,NA,NA,60,100,NA,Russia,RU
RUS,2020-03-17,NA,122854,114,8,NA,NA,NA,NA,144478050,1,2,2,3,0,2,2,3,2,1,2,60.65,RUS,RU,643,RUB,1,Russia,NA,NA,60,100,NA,Russia,RU
RUS,2020-03-18,NA,133101,147,8,NA,NA,NA,NA,144478050,1,2,2,3,0,2,2,3,2,1,2,60.65,RUS,RU,643,RUB,1,Russia,NA,NA,60,100,NA,Russia,RU
RUS,2020-03-19,NA,143519,199,9,1,NA,NA,NA,144478050,2,2,2,3,0,2,2,3,2,1,2,68.06,RUS,RU,643,RUB,1,Russia,NA,NA,60,100,NA,Russia,RU
RUS,2020-03-20,NA,156016,253,9,1,NA,NA,NA,144478050,2,2,2,3,0,2,2,3,2,1,2,68.06,RUS,RU,643,RUB,1,Russia,NA,NA,60,100,NA,Russia,RU
RUS,2020-03-21,NA,163529,306,12,1,NA,NA,NA,144478050,3,2,2,3,0,2,2,3,2,1,2,69.91,RUS,RU,643,RUB,1,Russia,NA,NA,60,100,NA,Russia,RU
RUS,2020-03-22,NA,165772,367,16,1,NA,NA,NA,144478050,3,2,2,3,0,2,2,3,2,1,2,69.91,RUS,RU,643,RUB,1,Russia,NA,NA,60,100,NA,Russia,RU
RUS,2020-03-23,NA,185918,438,16,1,NA,NA,NA,144478050,3,2,2,3,0,2,2,3,2,1,2,69.91,RUS,RU,643,RUB,1,Russia,NA,NA,60,100,NA,Russia,RU
RUS,2020-03-24,NA,192824,495,22,1,NA,NA,NA,144478050,3,2,2,3,0,2,2,3,2,1,2,69.91,RUS,RU,643,RUB,1,Russia,NA,NA,60,100,NA,Russia,RU
RUS,2020-03-25,NA,197251,658,29,3,NA,NA,NA,144478050,3,2,2,3,0,2,2,3,2,1,2,69.91,RUS,RU,643,RUB,1,Russia,NA,NA,60,100,NA,Russia,RU
RUS,2020-03-26,NA,223509,840,38,3,NA,NA,NA,144478050,3,2,2,3,0,2,2,3,2,1,2,69.91,RUS,RU,643,RUB,1,Russia,NA,NA,60,100,NA,Russia,RU
RUS,2020-03-27,NA,243377,1036,45,4,NA,NA,NA,144478050,3,2,2,3,0,2,2,3,2,1,2,69.91,RUS,RU,643,RUB,1,Russia,NA,NA,60,100,NA,Russia,RU
RUS,2020-03-28,NA,263888,1264,49,4,NA,NA,NA,144478050,3,2,2,3,0,2,2,3,2,1,2,71.76,RUS,RU,643,RUB,1,Russia,NA,NA,60,100,NA,Russia,RU
RUS,2020-03-29,NA,343523,1534,64,8,NA,NA,NA,144478050,3,2,2,3,0,2,2,3,2,1,2,71.76,RUS,RU,643,RUB,1,Russia,NA,NA,60,100,NA,Russia,RU
RUS,2020-03-30,NA,NA,1836,66,9,NA,NA,NA,144478050,3,3,2,4,1,3,2,4,2,1,2,87.04,RUS,RU,643,RUB,1,Russia,NA,NA,60,100,NA,Russia,RU
RUS,2020-03-31,NA,406500,2337,121,17,NA,NA,NA,144478050,3,3,2,4,1,3,2,4,2,1,2,87.04,RUS,RU,643,RUB,1,Russia,NA,NA,60,100,NA,Russia,RU
RUS,2020-04-01,NA,536000,2777,190,24,NA,NA,NA,144478050,3,3,2,4,1,3,2,4,2,1,2,87.04,RUS,RU,643,RUB,1,Russia,NA,NA,60,100,NA,Russia,RU
RUS,2020-04-02,NA,575103,3548,235,30,NA,NA,NA,144478050,3,3,2,4,1,3,2,4,2,1,2,87.04,RUS,RU,643,RUB,1,Russia,NA,NA,60,100,NA,Russia,RU
RUS,2020-04-03,NA,639606,4149,281,34,NA,NA,NA,144478050,3,3,2,4,1,3,2,4,2,1,2,87.04,RUS,RU,643,RUB,1,Russia,NA,NA,60,100,NA,Russia,RU
RUS,2020-04-04,NA,697004,4731,333,43,NA,NA,NA,144478050,3,3,2,4,1,3,2,4,2,1,2,87.04,RUS,RU,643,RUB,1,Russia,NA,NA,60,100,NA,Russia,RU
RUS,2020-04-05,NA,758401,5389,355,45,NA,NA,NA,144478050,3,3,2,4,1,3,2,4,2,1,2,87.04,RUS,RU,643,RUB,1,Russia,NA,NA,60,100,NA,Russia,RU
RUS,2020-04-06,NA,795523,6343,406,47,NA,NA,NA,144478050,3,3,2,4,1,3,2,4,2,3,2,85.19,RUS,RU,643,RUB,1,Russia,NA,NA,60,100,NA,Russia,RU
RUS,2020-04-07,NA,910221,7497,494,58,NA,NA,NA,144478050,3,3,2,4,1,3,2,4,2,3,2,85.19,RUS,RU,643,RUB,1,Russia,NA,NA,60,100,NA,Russia,RU
RUS,2020-04-08,NA,1004719,8672,580,63,NA,NA,NA,144478050,3,3,2,4,1,3,2,4,2,3,2,85.19,RUS,RU,643,RUB,1,Russia,NA,NA,60,100,NA,Russia,RU
RUS,2020-04-09,NA,1092811,10131,698,76,NA,NA,NA,144478050,3,3,2,4,1,3,2,4,2,3,2,85.19,RUS,RU,643,RUB,1,Russia,NA,NA,60,100,NA,Russia,RU
RUS,2020-04-10,NA,1184442,11917,795,94,NA,NA,NA,144478050,3,3,2,4,1,3,2,4,2,3,2,85.19,RUS,RU,643,RUB,1,Russia,NA,NA,60,100,NA,Russia,RU
RUS,2020-04-11,NA,1278747,13584,1045,106,NA,NA,NA,144478050,3,3,2,4,1,3,2,4,2,3,2,85.19,RUS,RU,643,RUB,1,Russia,NA,NA,60,100,NA,Russia,RU
RUS,2020-04-12,NA,1359993,15770,1291,130,NA,NA,NA,144478050,3,3,2,4,1,3,2,4,2,3,2,85.19,RUS,RU,643,RUB,1,Russia,NA,NA,60,100,NA,Russia,RU
RUS,2020-04-13,NA,1426014,18328,1470,148,NA,NA,NA,144478050,3,3,2,4,1,3,2,4,2,3,2,85.19,RUS,RU,643,RUB,1,Russia,NA,NA,60,100,NA,Russia,RU
RUS,2020-04-14,NA,1517992,21102,1694,170,NA,NA,NA,144478050,3,3,2,4,1,3,2,4,2,3,2,85.19,RUS,RU,643,RUB,1,Russia,NA,NA,60,100,NA,Russia,RU
RUS,2020-04-15,NA,1613413,24490,1986,198,NA,NA,NA,144478050,3,3,2,4,1,3,2,4,2,3,2,85.19,RUS,RU,643,RUB,1,Russia,NA,NA,60,100,NA,Russia,RU
RUS,2020-04-16,NA,1718019,27938,2304,232,NA,NA,NA,144478050,3,3,2,4,1,3,2,4,2,3,2,85.19,RUS,RU,643,RUB,1,Russia,NA,NA,60,100,NA,Russia,RU
RUS,2020-04-17,NA,1831892,32008,2590,273,NA,NA,NA,144478050,3,3,2,4,1,3,2,4,2,3,2,85.19,RUS,RU,643,RUB,1,Russia,NA,NA,60,100,NA,Russia,RU
RUS,2020-04-18,NA,1949813,36793,3057,313,NA,NA,NA,144478050,3,3,2,4,1,3,2,4,2,3,2,85.19,RUS,RU,643,RUB,1,Russia,NA,NA,60,100,NA,Russia,RU
RUS,2020-04-19,NA,2053319,42853,3291,361,NA,NA,NA,144478050,3,3,2,4,1,3,2,4,2,3,2,85.19,RUS,RU,643,RUB,1,Russia,NA,NA,60,100,NA,Russia,RU
RUS,2020-04-20,NA,2142604,47121,3446,405,NA,NA,NA,144478050,3,3,2,4,1,3,2,4,2,3,2,85.19,RUS,RU,643,RUB,1,Russia,NA,NA,60,100,NA,Russia,RU
RUS,2020-04-21,NA,2252539,52763,3873,456,NA,NA,NA,144478050,3,3,2,4,1,3,2,4,2,3,2,85.19,RUS,RU,643,RUB,1,Russia,NA,NA,60,100,NA,Russia,RU
RUS,2020-04-22,NA,2401616,57999,4420,513,NA,NA,NA,144478050,3,3,2,4,1,3,2,4,2,3,2,85.19,RUS,RU,643,RUB,1,Russia,NA,NA,60,100,NA,Russia,RU
RUS,2020-04-23,NA,2552000,62773,4891,555,NA,NA,NA,144478050,3,3,2,4,1,3,2,4,2,3,2,85.19,RUS,RU,643,RUB,1,Russia,NA,NA,60,100,NA,Russia,RU
RUS,2020-04-24,NA,2721500,68622,5568,615,NA,NA,NA,144478050,3,3,2,4,1,3,2,4,2,3,2,85.19,RUS,RU,643,RUB,1,Russia,NA,NA,60,100,NA,Russia,RU
RUS,2020-04-25,NA,2877699,74588,6250,681,NA,NA,NA,144478050,3,3,2,4,1,3,2,4,2,3,2,85.19,RUS,RU,643,RUB,1,Russia,NA,NA,60,100,NA,Russia,RU
RUS,2020-04-26,NA,3019434,80949,6767,747,NA,NA,NA,144478050,3,3,2,4,1,3,2,4,2,3,2,85.19,RUS,RU,643,RUB,1,Russia,NA,NA,60,100,NA,Russia,RU
RUS,2020-04-27,NA,3139258,87147,7346,794,NA,NA,NA,144478050,3,3,2,4,1,3,2,4,2,3,2,85.19,RUS,RU,643,RUB,1,Russia,NA,NA,60,100,NA,Russia,RU
RUS,2020-04-28,NA,3303717,93558,8456,867,NA,NA,NA,144478050,3,3,2,4,1,3,2,4,2,3,2,85.19,RUS,RU,643,RUB,1,Russia,NA,NA,60,100,NA,Russia,RU
RUS,2020-04-29,NA,3498308,99399,10286,972,NA,NA,NA,144478050,3,3,2,4,1,3,2,4,2,3,2,85.19,RUS,RU,643,RUB,1,Russia,NA,NA,60,100,NA,Russia,RU
RUS,2020-04-30,NA,3723807,106498,11619,1073,NA,NA,NA,144478050,3,3,2,4,1,3,2,4,2,3,2,85.19,RUS,RU,643,RUB,1,Russia,NA,NA,60,100,NA,Russia,RU
RUS,2020-05-01,NA,3945518,114431,13220,1169,NA,NA,NA,144478050,3,3,2,4,1,3,2,4,2,3,2,85.19,RUS,RU,643,RUB,1,Russia,NA,NA,60,100,NA,Russia,RU
RUS,2020-05-02,NA,4099999,124054,15013,1222,NA,NA,NA,144478050,3,3,2,4,1,3,2,4,2,3,2,85.19,RUS,RU,643,RUB,1,Russia,NA,NA,60,100,NA,Russia,RU
RUS,2020-05-03,NA,4303243,134687,16639,1280,NA,NA,NA,144478050,3,3,2,4,1,3,2,4,2,3,2,85.19,RUS,RU,643,RUB,1,Russia,NA,NA,60,100,NA,Russia,RU
RUS,2020-05-04,NA,4460357,145268,18095,1356,NA,NA,NA,144478050,3,3,2,4,1,3,2,4,2,3,2,85.19,RUS,RU,643,RUB,1,Russia,NA,NA,60,100,NA,Russia,RU
RUS,2020-05-05,NA,4633731,155370,19865,1451,NA,NA,NA,144478050,3,3,2,4,1,3,2,4,2,3,2,85.19,RUS,RU,643,RUB,1,Russia,NA,NA,60,100,NA,Russia,RU
RUS,2020-05-06,NA,4803192,165929,21327,1537,NA,NA,NA,144478050,3,3,2,4,1,3,2,4,2,3,2,85.19,RUS,RU,643,RUB,1,Russia,NA,NA,60,100,NA,Russia,RU
RUS,2020-05-07,NA,4987468,177160,23803,1625,NA,NA,NA,144478050,3,3,2,4,1,3,2,4,2,3,2,85.19,RUS,RU,643,RUB,1,Russia,NA,NA,60,100,NA,Russia,RU
RUS,2020-05-08,NA,5221964,187859,26608,1723,NA,NA,NA,144478050,3,3,2,4,1,3,2,4,2,3,2,85.19,RUS,RU,643,RUB,1,Russia,NA,NA,60,100,NA,Russia,RU
RUS,2020-05-09,NA,5448463,198676,31916,1827,NA,NA,NA,144478050,3,3,2,4,1,3,2,4,2,3,2,85.19,RUS,RU,643,RUB,1,Russia,NA,NA,60,100,NA,Russia,RU
RUS,2020-05-10,NA,5636763,209688,34306,1915,NA,NA,NA,144478050,3,3,2,4,1,3,2,4,2,3,2,85.19,RUS,RU,643,RUB,1,Russia,NA,NA,60,100,NA,Russia,RU
RUS,2020-05-11,NA,5805404,221344,39801,2009,NA,NA,NA,144478050,3,3,2,4,1,3,2,4,2,3,2,85.19,RUS,RU,643,RUB,1,Russia,NA,NA,60,100,NA,Russia,RU
RUS,2020-05-12,NA,5982558,232243,43512,2116,NA,NA,NA,144478050,3,2,2,4,1,3,2,4,2,3,2,78.24,RUS,RU,643,RUB,1,Russia,NA,NA,60,100,NA,Russia,RU
RUS,2020-05-13,NA,6188102,242271,48003,2212,NA,NA,NA,144478050,3,2,2,4,1,3,2,4,2,3,2,78.24,RUS,RU,643,RUB,1,Russia,NA,NA,60,100,NA,Russia,RU
RUS,2020-05-14,NA,6413948,252245,53530,2305,NA,NA,NA,144478050,3,2,2,4,1,3,2,4,2,3,2,78.24,RUS,RU,643,RUB,1,Russia,NA,NA,60,100,NA,Russia,RU
RUS,2020-05-15,NA,6656340,262843,58226,2418,NA,NA,NA,144478050,3,2,2,4,1,3,2,4,2,3,2,78.24,RUS,RU,643,RUB,1,Russia,NA,NA,60,100,NA,Russia,RU
RUS,2020-05-16,NA,6916088,272043,63166,2537,NA,NA,NA,144478050,3,2,2,4,1,3,2,4,2,3,2,78.24,RUS,RU,643,RUB,1,Russia,NA,NA,60,100,NA,Russia,RU
RUS,2020-05-17,NA,7147014,281752,67373,2631,NA,NA,NA,144478050,3,2,2,4,1,3,2,4,2,3,2,78.24,RUS,RU,643,RUB,1,Russia,NA,NA,60,100,NA,Russia,RU
RUS,2020-05-18,NA,7352316,290678,70209,2722,NA,NA,NA,144478050,3,2,2,4,1,3,2,4,2,3,2,78.24,RUS,RU,643,RUB,1,Russia,NA,NA,60,100,NA,Russia,RU
RUS,2020-05-19,NA,7578029,299941,76130,2837,NA,NA,NA,144478050,3,2,2,4,1,3,2,4,2,3,2,78.24,RUS,RU,643,RUB,1,Russia,NA,NA,60,100,NA,Russia,RU
RUS,2020-05-20,NA,7840880,308705,85392,2972,NA,NA,NA,144478050,3,2,2,4,1,3,2,4,2,3,2,78.24,RUS,RU,643,RUB,1,Russia,NA,NA,60,100,NA,Russia,RU
RUS,2020-05-21,NA,8126626,317554,92681,3099,NA,NA,NA,144478050,3,2,2,4,1,3,2,4,2,3,2,78.24,RUS,RU,643,RUB,1,Russia,NA,NA,60,100,NA,Russia,RU
RUS,2020-05-22,NA,8402747,326448,99825,3249,NA,NA,NA,144478050,3,2,2,4,1,3,2,4,2,3,2,78.24,RUS,RU,643,RUB,1,Russia,NA,NA,60,100,NA,Russia,RU
RUS,2020-05-23,NA,8685305,335882,107936,3388,NA,NA,NA,144478050,3,2,2,4,1,3,2,4,2,3,2,78.24,RUS,RU,643,RUB,1,Russia,NA,NA,60,100,NA,Russia,RU
RUS,2020-05-24,NA,8945384,344481,113299,3541,NA,NA,NA,144478050,3,2,2,4,1,3,2,4,2,3,2,78.24,RUS,RU,643,RUB,1,Russia,NA,NA,60,100,NA,Russia,RU
RUS,2020-05-25,NA,9160590,353427,118798,3633,NA,NA,NA,144478050,3,2,2,4,1,3,2,4,2,3,2,78.24,RUS,RU,643,RUB,1,Russia,NA,NA,60,100,NA,Russia,RU
RUS,2020-05-26,NA,9415992,362342,131129,3807,NA,NA,NA,144478050,3,2,2,4,1,3,2,4,2,3,2,78.24,RUS,RU,643,RUB,1,Russia,NA,NA,60,100,NA,Russia,RU
RUS,2020-05-27,NA,9701280,370680,142208,3968,NA,NA,NA,144478050,3,2,2,4,1,3,2,4,2,3,2,78.24,RUS,RU,643,RUB,1,Russia,NA,NA,60,100,NA,Russia,RU
RUS,2020-05-28,NA,10000061,379051,150993,4142,NA,NA,NA,144478050,3,2,2,4,1,3,2,4,2,3,2,78.24,RUS,RU,643,RUB,1,Russia,NA,NA,60,100,NA,Russia,RU
RUS,2020-05-29,NA,10316200,387623,159257,4374,NA,NA,NA,144478050,3,2,2,4,1,3,2,4,2,3,2,78.24,RUS,RU,643,RUB,1,Russia,NA,NA,60,100,NA,Russia,RU
RUS,2020-05-30,NA,10643124,396575,167469,4555,NA,NA,NA,144478050,3,2,2,4,1,3,2,4,2,3,2,78.24,RUS,RU,643,RUB,1,Russia,NA,NA,60,100,NA,Russia,RU
RUS,2020-05-31,NA,10923108,405843,171883,4693,NA,NA,NA,144478050,3,2,2,4,1,3,2,4,2,3,2,78.24,RUS,RU,643,RUB,1,Russia,NA,NA,60,100,NA,Russia,RU
RUS,2020-06-01,NA,11151622,414328,175514,4849,NA,NA,NA,144478050,3,2,2,4,1,2,2,4,2,3,2,74.54,RUS,RU,643,RUB,1,Russia,NA,NA,60,100,NA,Russia,RU
RUS,2020-06-02,NA,11426045,423186,186602,5031,NA,NA,NA,144478050,3,2,2,4,1,2,2,4,2,3,2,74.54,RUS,RU,643,RUB,1,Russia,NA,NA,60,100,NA,Russia,RU
RUS,2020-06-03,NA,11733051,431715,195559,5208,NA,NA,NA,144478050,3,2,2,4,1,2,2,4,2,3,2,74.54,RUS,RU,643,RUB,1,Russia,NA,NA,60,100,NA,Russia,RU
RUS,2020-06-04,NA,12053663,440538,204197,5376,NA,NA,NA,144478050,3,2,2,4,1,2,2,4,2,3,2,74.54,RUS,RU,643,RUB,1,Russia,NA,NA,60,100,NA,Russia,RU
RUS,2020-06-05,NA,12388968,449256,212237,5520,NA,NA,NA,144478050,3,2,2,4,1,2,2,4,2,3,2,74.54,RUS,RU,643,RUB,1,Russia,NA,NA,60,100,NA,Russia,RU
RUS,2020-06-06,NA,12721549,458102,220935,5717,NA,NA,NA,144478050,3,2,2,4,1,2,2,4,2,3,2,74.54,RUS,RU,643,RUB,1,Russia,NA,NA,60,100,NA,Russia,RU
RUS,2020-06-07,NA,13016023,467073,226272,5851,NA,NA,NA,144478050,3,2,2,4,1,2,2,4,2,3,2,74.54,RUS,RU,643,RUB,1,Russia,NA,NA,60,100,NA,Russia,RU
RUS,2020-06-08,NA,13254678,476043,230226,5963,NA,NA,NA,144478050,3,2,2,4,1,2,2,4,2,3,2,74.54,RUS,RU,643,RUB,1,Russia,NA,NA,60,100,NA,Russia,RU
RUS,2020-06-09,NA,13545303,484630,241917,6134,NA,NA,NA,144478050,3,2,2,4,1,2,2,4,2,3,2,74.54,RUS,RU,643,RUB,1,Russia,NA,NA,60,100,NA,Russia,RU
RUS,2020-06-10,NA,13875097,493023,252295,6350,NA,NA,NA,144478050,3,2,2,4,1,2,2,4,2,3,2,74.54,RUS,RU,643,RUB,1,Russia,NA,NA,60,100,NA,Russia,RU
RUS,2020-06-11,NA,14218674,501800,260649,6522,NA,NA,NA,144478050,3,2,2,4,1,2,2,4,2,3,2,74.54,RUS,RU,643,RUB,1,Russia,NA,NA,60,100,NA,Russia,RU
RUS,2020-06-12,NA,14574117,510761,268862,6705,NA,NA,NA,144478050,3,2,2,4,1,2,2,4,2,3,2,74.54,RUS,RU,643,RUB,1,Russia,NA,NA,60,100,NA,Russia,RU
RUS,2020-06-13,NA,14880172,519458,274128,6819,NA,NA,NA,144478050,3,2,2,4,1,2,2,4,2,3,2,74.54,RUS,RU,643,RUB,1,Russia,NA,NA,60,100,NA,Russia,RU
RUS,2020-06-14,NA,15161152,528267,279536,6938,NA,NA,NA,144478050,3,2,2,4,1,2,2,4,2,3,2,74.54,RUS,RU,643,RUB,1,Russia,NA,NA,60,100,NA,Russia,RU
RUS,2020-06-15,NA,15395417,536484,284021,7081,NA,NA,NA,144478050,3,2,2,4,1,2,2,4,2,3,2,74.54,RUS,RU,643,RUB,1,Russia,NA,NA,60,100,NA,Russia,RU
RUS,2020-06-16,NA,15679724,544725,293780,7274,NA,NA,NA,144478050,3,2,2,4,1,2,2,4,2,3,2,74.54,RUS,RU,643,RUB,1,Russia,NA,NA,60,100,NA,Russia,RU
RUS,2020-06-17,NA,15991697,552549,303800,7468,NA,NA,NA,144478050,3,2,2,4,1,2,2,4,2,3,2,74.54,RUS,RU,643,RUB,1,Russia,NA,NA,60,100,NA,Russia,RU
RUS,2020-06-18,NA,16321964,560321,313409,7650,NA,NA,NA,144478050,3,2,2,4,1,2,2,4,2,3,2,74.54,RUS,RU,643,RUB,1,Russia,NA,NA,60,100,NA,Russia,RU
RUS,2020-06-19,NA,16661287,568292,323851,7831,NA,NA,NA,144478050,3,2,2,4,1,2,2,4,2,3,2,74.54,RUS,RU,643,RUB,1,Russia,NA,NA,60,100,NA,Russia,RU
RUS,2020-06-20,NA,16998453,576162,334024,7992,NA,NA,NA,144478050,3,2,2,4,1,2,2,4,2,3,2,74.54,RUS,RU,643,RUB,1,Russia,NA,NA,60,100,NA,Russia,RU
RUS,2020-06-21,NA,17289691,583879,339142,8101,NA,NA,NA,144478050,3,2,2,4,1,2,2,4,2,3,2,74.54,RUS,RU,643,RUB,1,Russia,NA,NA,60,100,NA,Russia,RU
RUS,2020-06-22,NA,17522752,591465,343847,8196,NA,NA,NA,144478050,3,2,2,4,1,2,2,4,2,3,2,74.54,RUS,RU,643,RUB,1,Russia,NA,NA,60,100,NA,Russia,RU
RUS,2020-06-23,NA,17803955,598878,355847,8349,NA,NA,NA,144478050,3,2,2,4,1,2,2,4,2,3,2,74.54,RUS,RU,643,RUB,1,Russia,NA,NA,60,100,NA,Russia,RU
RUS,2020-06-24,NA,18115830,606043,368222,8503,NA,NA,NA,144478050,3,2,2,4,1,2,2,4,2,3,2,74.54,RUS,RU,643,RUB,1,Russia,NA,NA,60,100,NA,Russia,RU
RUS,2020-06-25,NA,18402719,613148,374557,8594,NA,NA,NA,144478050,3,2,2,4,1,2,2,4,2,3,2,74.54,RUS,RU,643,RUB,1,Russia,NA,NA,60,100,NA,Russia,RU
RUS,2020-06-26,NA,18707946,619936,383524,8770,NA,NA,NA,144478050,3,2,2,4,1,2,2,4,2,3,2,74.54,RUS,RU,643,RUB,1,Russia,NA,NA,60,100,NA,Russia,RU
RUS,2020-06-27,NA,19044954,626779,392703,8958,NA,NA,NA,144478050,3,2,2,4,1,2,2,4,2,3,2,74.54,RUS,RU,643,RUB,1,Russia,NA,NA,60,100,NA,Russia,RU
RUS,2020-06-28,NA,19334442,633563,398436,9060,NA,NA,NA,144478050,3,2,2,4,1,2,2,4,2,3,2,74.54,RUS,RU,643,RUB,1,Russia,NA,NA,60,100,NA,Russia,RU
RUS,2020-06-29,NA,19562440,640246,402778,9152,NA,NA,NA,144478050,3,2,2,4,1,2,2,4,2,3,2,74.54,RUS,RU,643,RUB,1,Russia,NA,NA,60,100,NA,Russia,RU
RUS,2020-06-30,NA,19852167,646929,411973,9306,NA,NA,NA,144478050,3,2,2,4,1,2,2,4,2,3,2,74.54,RUS,RU,643,RUB,1,Russia,NA,NA,60,100,NA,Russia,RU
RUS,2020-07-01,NA,20168904,653479,422235,9521,NA,NA,NA,144478050,3,2,2,4,1,2,2,4,2,3,2,74.54,RUS,RU,643,RUB,1,Russia,NA,NA,60,100,NA,Russia,RU
RUS,2020-07-02,NA,20451110,660231,428276,9668,NA,NA,NA,144478050,3,2,2,4,1,2,2,4,2,3,2,74.54,RUS,RU,643,RUB,1,Russia,NA,NA,60,100,NA,Russia,RU
RUS,2020-07-03,NA,20752406,666941,437155,9844,NA,NA,NA,144478050,3,2,2,4,1,2,2,4,2,3,2,74.54,RUS,RU,643,RUB,1,Russia,NA,NA,60,100,NA,Russia,RU
RUS,2020-07-04,NA,NA,673564,446127,10011,NA,NA,NA,144478050,3,2,2,4,1,2,2,4,2,3,2,74.54,RUS,RU,643,RUB,1,Russia,NA,NA,60,100,NA,Russia,RU
RUS,2020-07-05,NA,21335394,680283,449995,10145,NA,NA,NA,144478050,3,2,2,4,1,2,2,4,2,3,2,74.54,RUS,RU,643,RUB,1,Russia,NA,NA,60,100,NA,Russia,RU
RUS,2020-07-06,NA,21537771,686852,453570,10280,NA,NA,NA,144478050,3,2,2,4,1,2,2,4,2,3,2,74.54,RUS,RU,643,RUB,1,Russia,NA,NA,60,100,NA,Russia,RU
RUS,2020-07-07,NA,21790705,693215,463103,10478,NA,NA,NA,144478050,3,2,2,4,1,2,2,4,2,3,2,74.54,RUS,RU,643,RUB,1,Russia,NA,NA,60,100,NA,Russia,RU
RUS,2020-07-08,NA,22079294,699749,471718,10650,NA,NA,NA,144478050,3,2,2,4,1,2,2,4,2,3,2,74.54,RUS,RU,643,RUB,1,Russia,NA,NA,60,100,NA,Russia,RU
RUS,2020-07-09,NA,22388195,706240,480494,10826,NA,NA,NA,144478050,3,2,2,4,1,2,2,4,2,3,2,74.54,RUS,RU,643,RUB,1,Russia,NA,NA,60,100,NA,Russia,RU
RUS,2020-07-10,NA,22708416,712863,488234,11000,NA,NA,NA,144478050,3,2,2,4,1,2,2,4,2,3,2,74.54,RUS,RU,643,RUB,1,Russia,NA,NA,60,100,NA,Russia,RU
RUS,2020-07-11,NA,23031056,719449,496594,11188,NA,NA,NA,144478050,3,2,2,4,1,2,2,4,2,3,2,74.54,RUS,RU,643,RUB,1,Russia,NA,NA,60,100,NA,Russia,RU
RUS,2020-07-12,NA,23292630,726036,500208,11318,NA,NA,NA,144478050,3,2,2,4,1,2,2,4,2,3,2,74.54,RUS,RU,643,RUB,1,Russia,NA,NA,60,100,NA,Russia,RU
RUS,2020-07-13,NA,23495752,732547,503168,11422,NA,NA,NA,144478050,2,2,2,4,1,2,2,4,2,3,2,70.83,RUS,RU,643,RUB,1,Russia,NA,NA,60,100,NA,Russia,RU
RUS,2020-07-14,NA,23754645,738787,511958,11597,NA,NA,NA,144478050,2,2,2,4,1,2,2,4,2,3,2,70.83,RUS,RU,643,RUB,1,Russia,NA,NA,60,100,NA,Russia,RU
RUS,2020-07-15,NA,24053516,745197,522375,11753,NA,NA,NA,144478050,2,2,2,4,1,2,2,3,2,3,2,68.06,RUS,RU,643,RUB,1,Russia,NA,NA,60,100,NA,Russia,RU
RUS,2020-07-16,NA,24364568,751612,530801,11920,NA,NA,NA,144478050,2,2,2,4,1,2,2,3,2,3,2,68.06,RUS,RU,643,RUB,1,Russia,NA,NA,60,100,NA,Russia,RU
RUS,2020-07-17,NA,24676930,758001,538467,12106,NA,NA,NA,144478050,2,2,2,4,1,2,2,3,2,3,2,68.06,RUS,RU,643,RUB,1,Russia,NA,NA,60,100,NA,Russia,RU
RUS,2020-07-18,NA,24991740,764215,545909,12228,NA,NA,NA,144478050,2,2,2,4,1,2,2,3,2,3,2,68.06,RUS,RU,643,RUB,1,Russia,NA,NA,60,100,NA,Russia,RU
RUS,2020-07-19,NA,25251614,770311,549387,12323,NA,NA,NA,144478050,2,2,2,4,1,2,2,3,2,3,2,68.06,RUS,RU,643,RUB,1,Russia,NA,NA,60,100,NA,Russia,RU
RUS,2020-07-20,NA,25449167,776212,552644,12408,NA,NA,NA,144478050,2,2,2,4,1,2,2,3,2,3,2,68.06,RUS,RU,643,RUB,1,Russia,NA,NA,60,100,NA,Russia,RU
RUS,2020-07-21,NA,25704372,782040,561397,12561,NA,NA,NA,144478050,2,2,2,4,1,2,2,3,2,3,2,68.06,RUS,RU,643,RUB,1,Russia,NA,NA,60,100,NA,Russia,RU
RUS,2020-07-22,NA,26000908,787890,571049,12726,NA,NA,NA,144478050,2,2,2,4,1,2,2,3,2,3,2,68.06,RUS,RU,643,RUB,1,Russia,NA,NA,60,100,NA,Russia,RU
RUS,2020-07-23,NA,26300652,793720,579295,12873,NA,NA,NA,144478050,2,2,2,4,1,2,2,3,2,3,2,68.06,RUS,RU,643,RUB,1,Russia,NA,NA,60,100,NA,Russia,RU
RUS,2020-07-24,NA,26610623,799499,587728,13026,NA,NA,NA,144478050,2,2,2,4,1,2,2,3,2,3,2,68.06,RUS,RU,643,RUB,1,Russia,NA,NA,60,100,NA,Russia,RU
RUS,2020-07-25,NA,26902291,805332,596064,13172,NA,NA,NA,144478050,2,2,2,4,1,2,2,3,2,3,2,68.06,RUS,RU,643,RUB,1,Russia,NA,NA,60,100,NA,Russia,RU
RUS,2020-07-26,NA,27141966,811073,599172,13249,NA,NA,NA,144478050,2,2,2,4,1,2,2,3,2,3,2,68.06,RUS,RU,643,RUB,1,Russia,NA,NA,60,100,NA,Russia,RU
RUS,2020-07-27,NA,27327570,816680,602249,13334,NA,NA,NA,144478050,2,2,2,4,1,2,2,3,2,3,2,68.06,RUS,RU,643,RUB,1,Russia,NA,NA,60,100,NA,Russia,RU
RUS,2020-07-28,NA,27569646,822060,611109,13483,NA,NA,NA,144478050,2,2,2,4,1,2,2,3,2,3,2,68.06,RUS,RU,643,RUB,1,Russia,NA,NA,60,100,NA,Russia,RU
RUS,2020-07-29,NA,27857850,827509,619204,13650,NA,NA,NA,144478050,2,2,2,4,1,2,2,3,2,3,2,68.06,RUS,RU,643,RUB,1,Russia,NA,NA,60,100,NA,Russia,RU
RUS,2020-07-30,NA,28161461,832993,628482,13778,NA,NA,NA,144478050,2,2,2,4,1,2,2,3,2,3,2,68.06,RUS,RU,643,RUB,1,Russia,NA,NA,60,100,NA,Russia,RU
RUS,2020-07-31,NA,28478012,838461,637217,13939,NA,NA,NA,144478050,2,2,2,4,1,2,2,3,2,3,2,68.06,RUS,RU,643,RUB,1,Russia,NA,NA,60,100,NA,Russia,RU
RUS,2020-08-01,NA,28793260,843890,645316,14034,NA,NA,NA,144478050,2,2,2,4,1,2,2,3,2,3,2,68.06,RUS,RU,643,RUB,1,Russia,NA,NA,60,100,NA,Russia,RU
RUS,2020-08-02,NA,29029900,849277,648961,14104,NA,NA,NA,144478050,2,2,2,4,1,2,2,3,2,3,2,68.06,RUS,RU,643,RUB,1,Russia,NA,NA,60,100,NA,Russia,RU
RUS,2020-08-03,NA,29201862,854641,652372,14183,NA,NA,NA,144478050,2,2,2,4,1,2,2,3,2,3,2,68.06,RUS,RU,643,RUB,1,Russia,NA,NA,60,100,NA,Russia,RU
RUS,2020-08-04,NA,29433890,859762,660235,14327,NA,NA,NA,144478050,2,2,2,4,1,2,2,3,2,3,2,68.06,RUS,RU,643,RUB,1,Russia,NA,NA,60,100,NA,Russia,RU
RUS,2020-08-05,NA,29716907,864948,667769,14465,NA,NA,NA,144478050,2,2,2,4,1,2,2,3,2,3,2,68.06,RUS,RU,643,RUB,1,Russia,NA,NA,60,100,NA,Russia,RU
RUS,2020-08-06,NA,30038123,870187,675069,14579,NA,NA,NA,144478050,2,2,2,4,1,2,2,3,2,3,2,68.06,RUS,RU,643,RUB,1,Russia,NA,NA,60,100,NA,Russia,RU
RUS,2020-08-07,NA,30341344,875378,682278,14698,NA,NA,NA,144478050,2,2,2,4,1,2,2,3,2,3,2,68.06,RUS,RU,643,RUB,1,Russia,NA,NA,60,100,NA,Russia,RU
RUS,2020-08-08,NA,30640020,880563,688856,14827,NA,NA,NA,144478050,2,2,2,4,1,2,2,3,2,3,2,68.06,RUS,RU,643,RUB,1,Russia,NA,NA,60,100,NA,Russia,RU
RUS,2020-08-09,NA,30886160,885718,692059,14903,NA,NA,NA,144478050,2,2,2,4,1,2,2,3,2,3,2,68.06,RUS,RU,643,RUB,1,Russia,NA,NA,60,100,NA,Russia,RU
RUS,2020-08-10,NA,31063187,890799,695317,14973,NA,NA,NA,144478050,2,2,2,4,1,2,2,3,2,3,2,68.06,RUS,RU,643,RUB,1,Russia,NA,NA,60,100,NA,Russia,RU
RUS,2020-08-11,NA,31307764,895691,701796,15103,NA,NA,NA,144478050,2,2,2,4,1,2,2,3,2,3,2,68.06,RUS,RU,643,RUB,1,Russia,NA,NA,60,100,NA,Russia,RU
RUS,2020-08-12,NA,31598302,900745,708900,15231,NA,NA,NA,144478050,2,2,2,4,1,2,2,3,2,3,2,68.06,RUS,RU,643,RUB,1,Russia,NA,NA,60,100,NA,Russia,RU
RUS,2020-08-13,NA,31903055,905762,714934,15353,NA,NA,NA,144478050,2,2,2,4,1,2,2,3,2,3,2,68.06,RUS,RU,643,RUB,1,Russia,NA,NA,60,100,NA,Russia,RU
RUS,2020-08-14,NA,32221546,910778,721473,15467,NA,NA,NA,144478050,2,2,2,4,1,2,2,3,2,3,2,68.06,RUS,RU,643,RUB,1,Russia,NA,NA,60,100,NA,Russia,RU
RUS,2020-08-15,NA,32533818,915808,727895,15585,NA,NA,NA,144478050,2,2,2,4,1,2,2,3,2,3,2,68.06,RUS,RU,643,RUB,1,Russia,NA,NA,60,100,NA,Russia,RU
RUS,2020-08-16,NA,32784478,920719,731444,15653,NA,NA,NA,144478050,2,2,2,4,1,2,2,3,2,3,2,68.06,RUS,RU,643,RUB,1,Russia,NA,NA,60,100,NA,Russia,RU
RUS,2020-08-17,NA,32968759,925558,734573,15707,NA,NA,NA,144478050,2,2,2,4,1,2,2,3,2,3,2,68.06,RUS,RU,643,RUB,1,Russia,NA,NA,60,100,NA,Russia,RU
RUS,2020-08-18,NA,33217468,930276,741045,15836,NA,NA,NA,144478050,2,2,2,4,1,2,2,3,2,3,2,68.06,RUS,RU,643,RUB,1,Russia,NA,NA,60,100,NA,Russia,RU
RUS,2020-08-19,NA,33509273,935066,747802,15951,NA,NA,NA,144478050,2,2,2,4,1,2,2,3,2,3,2,68.06,RUS,RU,643,RUB,1,Russia,NA,NA,60,100,NA,Russia,RU
RUS,2020-08-20,NA,33814105,939833,753868,16058,NA,NA,NA,144478050,2,2,2,4,1,2,2,3,2,3,2,68.06,RUS,RU,643,RUB,1,Russia,NA,NA,60,100,NA,Russia,RU
RUS,2020-08-21,NA,NA,944671,759639,16148,NA,NA,NA,144478050,2,2,2,4,1,0,0,3,2,3,2,54.17,RUS,RU,643,RUB,1,Russia,NA,NA,60,100,NA,Russia,RU
RUS,2020-08-22,NA,34447560,949531,765754,16268,NA,NA,NA,144478050,2,2,2,4,1,0,0,3,2,3,2,54.17,RUS,RU,643,RUB,1,Russia,NA,NA,60,100,NA,Russia,RU
RUS,2020-08-23,NA,34695406,954328,768906,16341,NA,NA,NA,144478050,2,2,2,4,1,0,0,3,2,3,2,54.17,RUS,RU,643,RUB,1,Russia,NA,NA,60,100,NA,Russia,RU
RUS,2020-08-24,NA,34883220,959016,771357,16406,NA,NA,NA,144478050,2,2,2,4,1,0,0,3,2,3,2,54.17,RUS,RU,643,RUB,1,Russia,NA,NA,60,100,NA,Russia,RU
RUS,2020-08-25,NA,35128661,963655,777960,16524,NA,NA,NA,144478050,2,2,2,4,1,0,0,3,2,3,2,54.17,RUS,RU,643,RUB,1,Russia,NA,NA,60,100,NA,Russia,RU
RUS,2020-08-26,NA,35423783,968297,784277,16638,NA,NA,NA,144478050,2,2,2,4,1,0,0,3,2,3,2,54.17,RUS,RU,643,RUB,1,Russia,NA,NA,60,100,NA,Russia,RU
RUS,2020-08-27,NA,35751747,972972,790629,16758,NA,NA,NA,144478050,2,2,2,4,1,0,0,3,2,3,2,54.17,RUS,RU,643,RUB,1,Russia,NA,NA,60,100,NA,Russia,RU
RUS,2020-08-28,NA,36086182,977730,796498,16866,NA,NA,NA,144478050,2,2,2,4,1,0,0,3,2,3,2,54.17,RUS,RU,643,RUB,1,Russia,NA,NA,60,100,NA,Russia,RU
RUS,2020-08-29,NA,36426850,982573,802365,16977,NA,NA,NA,144478050,2,2,2,4,1,0,0,3,2,3,2,54.17,RUS,RU,643,RUB,1,Russia,NA,NA,60,100,NA,Russia,RU
RUS,2020-08-30,NA,36696382,987470,804941,17045,NA,NA,NA,144478050,2,2,2,4,1,0,0,3,2,3,2,54.17,RUS,RU,643,RUB,1,Russia,NA,NA,60,100,NA,Russia,RU
RUS,2020-08-31,NA,36901215,992402,807339,17128,NA,NA,NA,144478050,2,2,2,4,1,0,0,3,2,3,2,54.17,RUS,RU,643,RUB,1,Russia,NA,NA,60,100,NA,Russia,RU
RUS,2020-09-01,NA,37176827,997072,813603,17250,NA,NA,NA,144478050,1,2,2,0,0,0,0,3,2,3,2,37.04,RUS,RU,643,RUB,1,Russia,NA,NA,60,100,NA,Russia,RU
RUS,2020-09-02,NA,37484146,1001965,819043,17365,NA,NA,NA,144478050,1,2,2,0,0,0,0,3,2,3,2,37.04,RUS,RU,643,RUB,1,Russia,NA,NA,60,100,NA,Russia,RU
RUS,2020-09-03,NA,37818366,1006923,824783,17479,NA,NA,NA,144478050,1,2,2,0,0,0,0,3,2,3,2,37.04,RUS,RU,643,RUB,1,Russia,NA,NA,60,100,NA,Russia,RU
RUS,2020-09-04,NA,38154556,1011987,830532,17598,NA,NA,NA,144478050,1,2,2,0,0,0,0,3,2,3,2,37.04,RUS,RU,643,RUB,1,Russia,NA,NA,60,100,NA,Russia,RU
RUS,2020-09-05,NA,38488127,1017131,835884,17707,NA,NA,NA,144478050,1,2,2,0,0,0,0,3,2,3,2,37.04,RUS,RU,643,RUB,1,Russia,NA,NA,60,100,NA,Russia,RU
RUS,2020-09-06,NA,38758184,1022228,838680,17768,NA,NA,NA,144478050,1,2,2,0,0,0,0,3,2,3,2,37.04,RUS,RU,643,RUB,1,Russia,NA,NA,60,100,NA,Russia,RU
RUS,2020-09-07,NA,38960761,1027334,840997,17818,NA,NA,NA,144478050,1,2,2,0,0,0,0,3,2,3,2,37.04,RUS,RU,643,RUB,1,Russia,NA,NA,60,100,NA,Russia,RU
RUS,2020-09-08,NA,39289176,1032354,847746,17939,NA,NA,NA,144478050,1,2,2,0,0,0,0,3,2,3,2,37.04,RUS,RU,643,RUB,1,Russia,NA,NA,60,100,NA,Russia,RU
RUS,2020-09-09,NA,39575311,1037526,854069,18080,NA,NA,NA,144478050,2,2,2,0,0,0,0,3,2,3,2,38.89,RUS,RU,643,RUB,1,Russia,NA,NA,60,100,NA,Russia,RU
RUS,2020-09-10,NA,39912526,1042836,859961,18207,NA,NA,NA,144478050,2,2,2,0,0,0,0,3,2,3,2,38.89,RUS,RU,643,RUB,1,Russia,NA,NA,60,100,NA,Russia,RU
RUS,2020-09-11,NA,40268897,1048257,865646,18309,NA,NA,NA,144478050,2,2,2,0,0,0,0,3,2,3,2,38.89,RUS,RU,643,RUB,1,Russia,NA,NA,60,100,NA,Russia,RU
RUS,2020-09-12,NA,40624075,1053663,871000,18426,NA,NA,NA,144478050,2,2,2,0,0,0,0,3,2,3,2,38.89,RUS,RU,643,RUB,1,Russia,NA,NA,60,100,NA,Russia,RU
RUS,2020-09-13,NA,40903551,1059024,873684,18517,NA,NA,NA,144478050,2,2,2,0,0,0,0,3,2,3,2,38.89,RUS,RU,643,RUB,1,Russia,NA,NA,60,100,NA,Russia,RU
RUS,2020-09-14,NA,41122307,1064438,876152,18573,NA,NA,NA,144478050,2,2,2,0,0,0,0,3,2,3,2,38.89,RUS,RU,643,RUB,1,Russia,NA,NA,60,100,NA,Russia,RU
RUS,2020-09-15,NA,41424006,1069873,881693,18723,NA,NA,NA,144478050,2,2,2,0,0,0,0,3,2,3,2,38.89,RUS,RU,643,RUB,1,Russia,NA,NA,60,100,NA,Russia,RU
RUS,2020-09-16,NA,41748928,1075485,887457,18853,NA,NA,NA,144478050,2,2,2,0,0,0,0,3,2,3,2,38.89,RUS,RU,643,RUB,1,Russia,NA,NA,60,100,NA,Russia,RU
RUS,2020-09-17,NA,42095246,1081152,893145,18996,NA,NA,NA,144478050,2,2,2,0,0,0,0,3,2,3,2,38.89,RUS,RU,643,RUB,1,Russia,NA,NA,60,100,NA,Russia,RU
RUS,2020-09-18,NA,42457169,1086955,898420,19128,NA,NA,NA,144478050,2,2,2,0,0,0,0,3,2,3,2,38.89,RUS,RU,643,RUB,1,Russia,NA,NA,60,100,NA,Russia,RU
RUS,2020-09-19,NA,42821891,1092915,903545,19270,NA,NA,NA,144478050,2,2,2,0,0,0,0,3,2,3,2,38.89,RUS,RU,643,RUB,1,Russia,NA,NA,60,100,NA,Russia,RU
RUS,2020-09-20,NA,43103912,1098958,906431,19349,NA,NA,NA,144478050,2,2,2,0,0,0,0,3,2,3,2,38.89,RUS,RU,643,RUB,1,Russia,NA,NA,60,100,NA,Russia,RU
RUS,2020-09-21,NA,43341534,1105048,909026,19420,NA,NA,NA,144478050,2,2,2,0,0,0,0,3,2,3,2,38.89,RUS,RU,643,RUB,1,Russia,NA,NA,60,100,NA,Russia,RU
RUS,2020-09-22,NA,43632541,1111157,914923,19575,NA,NA,NA,144478050,2,2,2,0,0,1,0,3,2,3,2,40.74,RUS,RU,643,RUB,1,Russia,NA,NA,60,100,NA,Russia,RU
RUS,2020-09-23,NA,43990409,1117487,920602,19720,NA,NA,NA,144478050,2,2,2,0,0,1,0,3,2,3,2,40.74,RUS,RU,643,RUB,1,Russia,NA,NA,60,100,NA,Russia,RU
RUS,2020-09-24,NA,44364566,1123976,926663,19867,NA,NA,NA,144478050,2,2,2,0,0,1,0,3,2,3,2,40.74,RUS,RU,643,RUB,1,Russia,NA,NA,60,100,NA,Russia,RU
RUS,2020-09-25,NA,44755362,1131088,930955,19973,NA,NA,NA,144478050,2,2,2,0,0,1,0,3,2,3,2,40.74,RUS,RU,643,RUB,1,Russia,NA,NA,60,100,NA,Russia,RU
RUS,2020-09-26,NA,45134435,1138509,936881,20140,NA,NA,NA,144478050,2,2,2,0,0,1,0,3,2,3,2,40.74,RUS,RU,643,RUB,1,Russia,NA,NA,60,100,NA,Russia,RU
RUS,2020-09-27,NA,45442774,1146273,939921,20239,NA,NA,NA,144478050,2,2,2,0,0,1,0,3,2,3,2,40.74,RUS,RU,643,RUB,1,Russia,NA,NA,60,100,NA,Russia,RU
RUS,2020-09-28,NA,45698673,1154299,942619,20299,NA,NA,NA,144478050,2,2,2,0,0,1,0,3,2,3,2,40.74,RUS,RU,643,RUB,1,Russia,NA,NA,60,100,NA,Russia,RU
RUS,2020-09-29,NA,46037660,1162428,948985,20456,NA,NA,NA,144478050,2,2,2,0,0,1,0,3,2,3,2,40.74,RUS,RU,643,RUB,1,Russia,NA,NA,60,100,NA,Russia,RU
RUS,2020-09-30,NA,46421834,1170799,954788,20630,NA,NA,NA,144478050,2,2,2,0,0,1,0,3,2,3,2,40.74,RUS,RU,643,RUB,1,Russia,NA,NA,60,100,NA,Russia,RU
RUS,2020-10-01,NA,46823879,1179634,960729,20796,NA,NA,NA,144478050,2,2,2,0,0,1,0,3,2,3,2,40.74,RUS,RU,643,RUB,1,Russia,NA,NA,60,100,NA,Russia,RU
RUS,2020-10-02,NA,NA,1188928,966724,20981,NA,NA,NA,144478050,2,2,2,3,0,1,0,3,2,3,2,47.69,RUS,RU,643,RUB,1,Russia,NA,NA,60,100,NA,Russia,RU
RUS,2020-10-03,NA,47683832,1198663,972249,21153,NA,NA,NA,144478050,2,2,2,3,0,1,0,3,2,3,2,47.69,RUS,RU,643,RUB,1,Russia,NA,NA,60,100,NA,Russia,RU
RUS,2020-10-04,NA,48042343,1209039,975488,21260,NA,NA,NA,144478050,2,2,2,3,0,1,0,3,2,3,2,47.69,RUS,RU,643,RUB,1,Russia,NA,NA,60,100,NA,Russia,RU
RUS,2020-10-05,NA,48337992,1219796,978610,21375,NA,NA,NA,144478050,2,2,2,3,0,1,0,3,2,3,2,47.69,RUS,RU,643,RUB,1,Russia,NA,NA,60,100,NA,Russia,RU
RUS,2020-10-06,NA,48709857,1231277,984767,21559,NA,NA,NA,144478050,2,2,2,3,0,1,0,3,2,3,2,47.69,RUS,RU,643,RUB,1,Russia,NA,NA,60,100,NA,Russia,RU
RUS,2020-10-07,NA,49148954,1242258,991277,21755,NA,NA,NA,144478050,2,2,2,3,0,1,0,3,2,3,2,47.69,RUS,RU,643,RUB,1,Russia,NA,NA,60,100,NA,Russia,RU
RUS,2020-10-08,NA,49656873,1253603,998197,21939,NA,NA,NA,144478050,2,2,2,3,0,1,0,3,2,3,2,47.69,RUS,RU,643,RUB,1,Russia,NA,NA,60,100,NA,Russia,RU
RUS,2020-10-09,NA,50305243,1265572,1005199,22137,NA,NA,NA,144478050,2,2,2,3,0,1,0,3,2,3,2,47.69,RUS,RU,643,RUB,1,Russia,NA,NA,60,100,NA,Russia,RU
RUS,2020-10-10,NA,50781349,1278245,1011911,22331,NA,NA,NA,144478050,2,2,2,3,0,1,0,3,2,3,2,47.69,RUS,RU,643,RUB,1,Russia,NA,NA,60,100,NA,Russia,RU
RUS,2020-10-11,NA,51191309,1291687,1016120,22471,NA,NA,NA,144478050,2,2,2,3,0,1,0,3,2,3,2,47.69,RUS,RU,643,RUB,1,Russia,NA,NA,60,100,NA,Russia,RU
RUS,2020-10-12,NA,51364269,1305093,1019905,22594,NA,NA,NA,144478050,2,2,2,3,0,1,0,3,2,3,2,47.69,RUS,RU,643,RUB,1,Russia,NA,NA,60,100,NA,Russia,RU
RUS,2020-10-13,NA,51801245,1318783,1027348,22834,NA,NA,NA,144478050,2,2,2,3,0,1,0,2,2,3,2,44.91,RUS,RU,643,RUB,1,Russia,NA,NA,60,100,NA,Russia,RU
RUS,2020-10-14,NA,52279734,1332824,1035141,23069,NA,NA,NA,144478050,2,2,2,3,0,1,0,2,2,3,2,44.91,RUS,RU,643,RUB,1,Russia,NA,NA,60,100,NA,Russia,RU
RUS,2020-10-15,NA,52782097,1346380,1043431,23350,NA,NA,NA,144478050,2,2,2,3,0,1,0,2,2,3,2,44.91,RUS,RU,643,RUB,1,Russia,NA,NA,60,100,NA,Russia,RU
RUS,2020-10-16,NA,53305957,1361317,1051780,23580,NA,NA,NA,144478050,2,2,2,3,0,1,0,2,2,3,2,44.91,RUS,RU,643,RUB,1,Russia,NA,NA,60,100,NA,Russia,RU
RUS,2020-10-17,NA,53850509,1376020,1060279,23857,NA,NA,NA,144478050,2,2,2,3,0,1,0,2,2,3,2,44.91,RUS,RU,643,RUB,1,Russia,NA,NA,60,100,NA,Russia,RU
RUS,2020-10-18,NA,54300208,1390824,1065608,24039,NA,NA,NA,144478050,2,2,2,3,0,1,0,2,2,3,2,44.91,RUS,RU,643,RUB,1,Russia,NA,NA,60,100,NA,Russia,RU
RUS,2020-10-19,NA,54675096,1406667,1070920,24205,NA,NA,NA,144478050,2,2,2,3,0,1,0,2,2,3,2,44.91,RUS,RU,643,RUB,1,Russia,NA,NA,60,100,NA,Russia,RU
RUS,2020-10-20,NA,55171784,1422775,1080461,24473,NA,NA,NA,144478050,2,2,2,3,0,1,0,2,2,3,2,44.91,RUS,RU,643,RUB,1,Russia,NA,NA,60,100,NA,Russia,RU
RUS,2020-10-21,NA,55683929,1438219,1091264,24786,NA,NA,NA,144478050,2,2,2,3,0,1,0,2,2,3,2,44.91,RUS,RU,643,RUB,1,Russia,NA,NA,60,100,NA,Russia,RU
RUS,2020-10-22,NA,56230544,1453923,1102564,25072,NA,NA,NA,144478050,2,2,2,3,0,1,0,2,2,3,2,44.91,RUS,RU,643,RUB,1,Russia,NA,NA,60,100,NA,Russia,RU
RUS,2020-10-23,NA,56794639,1471000,1113736,25353,NA,NA,NA,144478050,2,2,2,3,0,1,0,2,2,3,2,44.91,RUS,RU,643,RUB,1,Russia,NA,NA,60,100,NA,Russia,RU
RUS,2020-10-24,NA,57344952,1487260,1125155,25647,NA,NA,NA,144478050,2,2,2,3,0,1,0,2,2,3,2,44.91,RUS,RU,643,RUB,1,Russia,NA,NA,60,100,NA,Russia,RU
RUS,2020-10-25,NA,57821260,1503652,1132790,25875,NA,NA,NA,144478050,2,2,2,3,0,1,0,2,2,3,2,44.91,RUS,RU,643,RUB,1,Russia,NA,NA,60,100,NA,Russia,RU
RUS,2020-10-26,NA,58223852,1520800,1140333,26092,NA,NA,NA,144478050,2,2,2,3,0,1,0,2,2,3,2,44.91,RUS,RU,643,RUB,1,Russia,NA,NA,60,100,NA,Russia,RU
RUS,2020-10-27,NA,58730811,1537142,1152848,26409,NA,NA,NA,144478050,2,2,2,3,0,1,0,2,2,3,2,44.91,RUS,RU,643,RUB,1,Russia,NA,NA,60,100,NA,Russia,RU
RUS,2020-10-28,NA,59284119,1553028,1164915,26752,NA,NA,NA,144478050,2,2,2,3,0,1,0,2,2,3,2,44.91,RUS,RU,643,RUB,1,Russia,NA,NA,60,100,NA,Russia,RU
RUS,2020-10-29,NA,59866561,1570446,1179465,27111,NA,NA,NA,144478050,2,2,2,3,0,1,0,2,2,3,2,44.91,RUS,RU,643,RUB,1,Russia,NA,NA,60,100,NA,Russia,RU
RUS,2020-10-30,NA,60441811,1588433,1193867,27462,NA,NA,NA,144478050,2,2,2,3,0,1,0,2,2,3,2,44.91,RUS,RU,643,RUB,1,Russia,NA,NA,60,100,NA,Russia,RU
RUS,2020-10-31,NA,61029746,1606267,1208440,27787,NA,NA,NA,144478050,2,2,2,3,0,1,0,2,2,3,2,44.91,RUS,RU,643,RUB,1,Russia,NA,NA,60,100,NA,Russia,RU
RUS,2020-11-01,NA,61541970,1624648,1218619,28026,NA,NA,NA,144478050,2,2,2,3,0,1,0,2,2,3,2,44.91,RUS,RU,643,RUB,1,Russia,NA,NA,60,100,NA,Russia,RU
RUS,2020-11-02,NA,61954566,1642665,1228921,28264,NA,NA,NA,144478050,2,2,2,3,0,1,0,2,2,3,2,44.91,RUS,RU,643,RUB,1,Russia,NA,NA,60,100,NA,Russia,RU
RUS,2020-11-03,NA,62446013,1661096,1244012,28611,NA,NA,NA,144478050,2,2,2,3,0,1,0,2,2,3,2,44.91,RUS,RU,643,RUB,1,Russia,NA,NA,60,100,NA,Russia,RU
RUS,2020-11-04,NA,63016994,1680579,1259194,28996,NA,NA,NA,144478050,2,2,2,3,0,1,0,2,2,3,2,44.91,RUS,RU,643,RUB,1,Russia,NA,NA,60,100,NA,Russia,RU
RUS,2020-11-05,NA,63541298,1699695,1271349,29285,NA,NA,NA,144478050,2,2,2,3,0,1,0,2,2,3,2,44.91,RUS,RU,643,RUB,1,Russia,NA,NA,60,100,NA,Russia,RU
RUS,2020-11-06,NA,64092161,1720063,1288096,29654,NA,NA,NA,144478050,2,2,2,3,0,1,0,2,2,3,2,44.91,RUS,RU,643,RUB,1,Russia,NA,NA,60,100,NA,Russia,RU
RUS,2020-11-07,NA,64682511,1740172,1304607,30010,NA,NA,NA,144478050,2,2,2,3,0,1,0,2,2,3,2,44.91,RUS,RU,643,RUB,1,Russia,NA,NA,60,100,NA,Russia,RU
RUS,2020-11-08,NA,65209357,1760420,1315928,30292,NA,NA,NA,144478050,2,2,2,3,0,1,0,2,2,3,2,44.91,RUS,RU,643,RUB,1,Russia,NA,NA,60,100,NA,Russia,RU
RUS,2020-11-09,NA,65606582,1781997,1326568,30546,NA,NA,NA,144478050,2,2,2,3,0,1,0,2,2,3,2,44.91,RUS,RU,643,RUB,1,Russia,NA,NA,60,100,NA,Russia,RU
RUS,2020-11-10,NA,66118696,1802762,1341868,30899,NA,NA,NA,144478050,2,2,2,3,0,1,0,2,2,3,2,44.91,RUS,RU,643,RUB,1,Russia,NA,NA,60,100,NA,Russia,RU
RUS,2020-11-11,NA,66710463,1822345,1360049,31326,NA,NA,NA,144478050,2,2,2,3,0,1,0,2,2,3,2,44.91,RUS,RU,643,RUB,1,Russia,NA,NA,60,100,NA,Russia,RU
RUS,2020-11-12,NA,67347351,1843678,1378463,31755,NA,NA,NA,144478050,2,2,2,3,0,1,0,2,2,3,2,44.91,RUS,RU,643,RUB,1,Russia,NA,NA,60,100,NA,Russia,RU
RUS,2020-11-13,NA,67949154,1865395,1396851,32156,NA,NA,NA,144478050,2,2,2,3,0,1,0,2,2,3,2,44.91,RUS,RU,643,RUB,1,Russia,NA,NA,60,100,NA,Russia,RU
RUS,2020-11-14,NA,68577003,1887836,1415213,32536,NA,NA,NA,144478050,2,2,2,3,0,1,0,2,2,3,2,44.91,RUS,RU,643,RUB,1,Russia,NA,NA,60,100,NA,Russia,RU
RUS,2020-11-15,NA,69111898,1910149,1429565,32885,NA,NA,NA,144478050,2,2,2,3,0,1,0,2,2,3,2,44.91,RUS,RU,643,RUB,1,Russia,NA,NA,60,100,NA,Russia,RU
RUS,2020-11-16,NA,69550659,1932711,1443393,33184,NA,NA,NA,144478050,2,2,2,3,0,1,0,2,2,3,2,44.91,RUS,RU,643,RUB,1,Russia,NA,NA,60,100,NA,Russia,RU
RUS,2020-11-17,NA,70075886,1954912,1465051,33619,NA,NA,NA,144478050,2,2,2,3,0,1,0,3,2,3,2,47.69,RUS,RU,643,RUB,1,Russia,NA,NA,60,100,NA,Russia,RU
RUS,2020-11-18,NA,70653231,1975629,1489893,34068,NA,NA,NA,144478050,2,2,2,3,0,1,0,3,2,3,2,47.69,RUS,RU,643,RUB,1,Russia,NA,NA,60,100,NA,Russia,RU
RUS,2020-11-19,NA,71249997,1998966,1514945,34525,NA,NA,NA,144478050,2,2,2,3,0,1,0,3,2,3,2,47.69,RUS,RU,643,RUB,1,Russia,NA,NA,60,100,NA,Russia,RU
RUS,2020-11-20,NA,71838293,2023025,1539352,34980,NA,NA,NA,144478050,2,2,2,3,0,1,0,3,2,3,2,47.69,RUS,RU,643,RUB,1,Russia,NA,NA,60,100,NA,Russia,RU
RUS,2020-11-21,NA,72429063,2047563,1564897,35442,NA,NA,NA,144478050,2,2,2,3,0,1,0,3,2,3,2,47.69,RUS,RU,643,RUB,1,Russia,NA,NA,60,100,NA,Russia,RU
RUS,2020-11-22,NA,72949596,2071858,1582768,35838,NA,NA,NA,144478050,2,2,2,3,0,1,0,3,2,3,2,47.69,RUS,RU,643,RUB,1,Russia,NA,NA,60,100,NA,Russia,RU
RUS,2020-11-23,NA,73312313,2096749,1598723,36192,NA,NA,NA,144478050,2,2,2,3,0,1,0,3,2,3,2,47.69,RUS,RU,643,RUB,1,Russia,NA,NA,60,100,NA,Russia,RU
RUS,2020-11-24,NA,73765150,2120836,1621465,36675,NA,NA,NA,144478050,2,2,2,3,0,1,0,3,2,3,2,47.69,RUS,RU,643,RUB,1,Russia,NA,NA,60,100,NA,Russia,RU
RUS,2020-11-25,NA,74270930,2144229,1646737,37173,NA,NA,NA,144478050,2,2,2,3,0,1,0,3,2,3,2,47.69,RUS,RU,643,RUB,1,Russia,NA,NA,60,100,NA,Russia,RU
RUS,2020-11-26,NA,74814909,2169424,1671349,37688,NA,NA,NA,144478050,2,2,2,3,0,1,0,3,2,3,2,47.69,RUS,RU,643,RUB,1,Russia,NA,NA,60,100,NA,Russia,RU
RUS,2020-11-27,NA,75402616,2196691,1697618,38175,NA,NA,NA,144478050,2,2,2,3,0,1,0,3,2,3,2,47.69,RUS,RU,643,RUB,1,Russia,NA,NA,60,100,NA,Russia,RU
RUS,2020-11-28,NA,75948006,2223500,1724416,38676,NA,NA,NA,144478050,2,2,2,3,0,1,0,3,2,3,2,47.69,RUS,RU,643,RUB,1,Russia,NA,NA,60,100,NA,Russia,RU
RUS,2020-11-29,NA,76422849,2249890,1746279,39127,NA,NA,NA,144478050,2,2,2,3,0,1,0,3,2,3,2,47.69,RUS,RU,643,RUB,1,Russia,NA,NA,60,100,NA,Russia,RU
RUS,2020-11-30,NA,76755901,2275936,1763493,39491,NA,NA,NA,144478050,2,2,2,3,0,1,0,3,2,3,2,47.69,RUS,RU,643,RUB,1,Russia,NA,NA,60,100,NA,Russia,RU
RUS,2020-12-01,NA,77200071,2302062,1787962,40050,NA,NA,NA,144478050,2,2,2,3,0,1,0,3,2,3,2,47.69,RUS,RU,643,RUB,1,Russia,NA,NA,60,100,NA,Russia,RU
RUS,2020-12-02,NA,NA,2327105,1814442,40630,NA,NA,NA,144478050,2,2,2,3,0,1,0,3,2,3,2,47.69,RUS,RU,643,RUB,1,Russia,NA,NA,60,100,NA,Russia,RU
RUS,2020-12-03,NA,78227415,2354934,1843526,41173,NA,NA,NA,144478050,2,2,2,3,0,1,0,3,2,3,2,47.69,RUS,RU,643,RUB,1,Russia,NA,NA,60,100,NA,Russia,RU
RUS,2020-12-04,NA,78777839,2382012,1872214,41730,NA,NA,NA,144478050,2,2,2,3,0,1,0,3,2,3,2,47.69,RUS,RU,643,RUB,1,Russia,NA,NA,60,100,NA,Russia,RU
RUS,2020-12-05,NA,79323100,2410462,1899474,42228,NA,NA,NA,144478050,2,2,2,3,0,1,0,3,2,3,2,47.69,RUS,RU,643,RUB,1,Russia,NA,NA,60,100,NA,Russia,RU
RUS,2020-12-06,NA,79771767,2439163,1920744,42675,NA,NA,NA,144478050,2,2,2,3,0,1,0,3,2,3,2,47.69,RUS,RU,643,RUB,1,Russia,NA,NA,60,100,NA,Russia,RU
RUS,2020-12-07,NA,80095220,2466961,1939393,43122,NA,NA,NA,144478050,2,2,2,3,0,1,0,3,2,3,2,47.69,RUS,RU,643,RUB,1,Russia,NA,NA,60,100,NA,Russia,RU
RUS,2020-12-08,NA,80522238,2492713,1963864,43674,NA,NA,NA,144478050,2,2,2,3,0,1,0,3,2,3,2,47.69,RUS,RU,643,RUB,1,Russia,NA,NA,60,100,NA,Russia,RU
RUS,2020-12-09,NA,81021364,2518551,1989710,44220,NA,NA,NA,144478050,2,2,2,3,0,1,0,3,2,3,2,47.69,RUS,RU,643,RUB,1,Russia,NA,NA,60,100,NA,Russia,RU
RUS,2020-12-10,NA,81564365,2546113,2015137,44769,NA,NA,NA,144478050,2,2,2,3,0,1,0,3,2,3,2,47.69,RUS,RU,643,RUB,1,Russia,NA,NA,60,100,NA,Russia,RU
RUS,2020-12-11,NA,82104039,2574319,2041006,45370,NA,NA,NA,144478050,2,2,2,3,0,1,0,3,2,3,2,47.69,RUS,RU,643,RUB,1,Russia,NA,NA,60,100,NA,Russia,RU
RUS,2020-12-12,NA,82639392,2602048,2066710,45923,NA,NA,NA,144478050,2,2,2,3,0,1,0,3,2,3,2,47.69,RUS,RU,643,RUB,1,Russia,NA,NA,60,100,NA,Russia,RU
RUS,2020-12-13,NA,83102948,2629699,2086887,46404,NA,NA,NA,144478050,2,2,2,3,0,1,0,3,2,3,2,47.69,RUS,RU,643,RUB,1,Russia,NA,NA,60,100,NA,Russia,RU
RUS,2020-12-14,NA,NA,2656601,2105414,46846,NA,NA,NA,144478050,2,2,2,3,0,1,0,3,2,3,2,47.69,RUS,RU,643,RUB,1,Russia,NA,NA,60,100,NA,Russia,RU
RUS,2020-12-15,28500,83867186,2682866,2129806,47410,NA,NA,NA,144478050,2,2,2,3,0,1,0,3,2,3,2,47.69,RUS,RU,643,RUB,1,Russia,NA,NA,60,100,NA,Russia,RU
RUS,2020-12-16,NA,84364808,2708940,2155842,47994,NA,NA,NA,144478050,2,2,2,3,0,1,0,3,2,3,2,47.69,RUS,RU,643,RUB,1,Russia,NA,NA,60,100,NA,Russia,RU
RUS,2020-12-17,NA,84904111,2736727,2181696,48568,NA,NA,NA,144478050,2,2,2,3,0,1,0,3,2,3,2,47.69,RUS,RU,643,RUB,1,Russia,NA,NA,60,100,NA,Russia,RU
RUS,2020-12-18,NA,85431430,2764843,2207398,49170,NA,NA,NA,144478050,2,2,2,3,0,1,0,3,2,3,2,47.69,RUS,RU,643,RUB,1,Russia,NA,NA,60,100,NA,Russia,RU
RUS,2020-12-19,NA,85954527,2792615,2233060,49744,NA,NA,NA,144478050,2,2,2,3,0,1,0,3,2,3,2,47.69,RUS,RU,643,RUB,1,Russia,NA,NA,60,100,NA,Russia,RU
RUS,2020-12-20,NA,86391683,2821125,2253826,50242,NA,NA,NA,144478050,2,2,2,3,0,1,0,3,2,3,2,47.69,RUS,RU,643,RUB,1,Russia,NA,NA,60,100,NA,Russia,RU
RUS,2020-12-21,NA,86704613,2850042,2273510,50723,NA,NA,NA,144478050,2,2,2,3,0,1,0,3,2,3,2,47.69,RUS,RU,643,RUB,1,Russia,NA,NA,60,100,NA,Russia,RU
RUS,2020-12-22,52000,87098058,2878382,2297289,51274,NA,NA,NA,144478050,2,2,2,3,0,1,0,3,2,3,2,47.69,RUS,RU,643,RUB,1,Russia,NA,NA,60,100,NA,Russia,RU
RUS,2020-12-23,NA,87578209,2905196,2321362,51810,NA,NA,NA,144478050,2,2,2,3,0,1,0,3,2,3,2,47.69,RUS,RU,643,RUB,1,Russia,NA,NA,60,100,NA,Russia,RU
RUS,2020-12-24,NA,88094380,2934695,2347700,52434,NA,NA,NA,144478050,2,2,2,3,0,1,0,3,2,3,2,47.69,RUS,RU,643,RUB,1,Russia,NA,NA,60,100,NA,Russia,RU
RUS,2020-12-25,NA,88605533,2963290,2374589,52985,NA,NA,NA,144478050,2,2,2,3,0,1,0,3,2,3,2,47.69,RUS,RU,643,RUB,1,Russia,NA,NA,60,100,NA,Russia,RU
RUS,2020-12-26,NA,89099604,2992123,2402122,53539,NA,NA,NA,144478050,2,2,2,3,0,1,0,3,2,3,2,47.69,RUS,RU,643,RUB,1,Russia,NA,NA,60,100,NA,Russia,RU
RUS,2020-12-27,NA,89516176,3019972,2426094,54080,NA,NA,NA,144478050,2,2,2,3,0,1,0,3,2,3,2,47.69,RUS,RU,643,RUB,1,Russia,NA,NA,60,100,NA,Russia,RU
RUS,2020-12-28,NA,89808866,3047335,2446412,54559,NA,NA,NA,144478050,2,2,2,3,0,1,0,3,2,3,2,47.69,RUS,RU,643,RUB,1,Russia,NA,NA,60,100,NA,Russia,RU
RUS,2020-12-29,NA,90203874,3073923,2470783,55107,NA,NA,NA,144478050,2,2,2,3,0,1,0,3,2,3,2,47.69,RUS,RU,643,RUB,1,Russia,NA,NA,60,100,NA,Russia,RU
RUS,2020-12-30,NA,90648889,3100018,2499465,55692,NA,NA,NA,144478050,2,2,2,3,0,1,0,3,2,3,2,47.69,RUS,RU,643,RUB,1,Russia,NA,NA,60,100,NA,Russia,RU
RUS,2020-12-31,NA,91123132,3127347,2527722,56271,NA,NA,NA,144478050,2,2,2,3,0,1,0,3,2,3,2,47.69,RUS,RU,643,RUB,1,Russia,NA,NA,60,100,NA,Russia,RU
RUS,2021-01-01,NA,91509133,3153960,2553467,56798,NA,NA,NA,144478050,2,2,2,3,0,1,0,3,2,3,2,47.69,RUS,RU,643,RUB,1,Russia,NA,NA,60,100,NA,Russia,RU
RUS,2021-01-02,800000,NA,3179898,2572279,57235,NA,NA,NA,144478050,2,2,2,3,0,1,0,3,2,3,2,47.69,RUS,RU,643,RUB,1,Russia,NA,NA,60,100,NA,Russia,RU
RUS,2021-01-03,NA,91852003,3203743,2591937,57730,NA,NA,NA,144478050,2,2,2,3,0,1,0,3,2,3,2,47.69,RUS,RU,643,RUB,1,Russia,NA,NA,60,100,NA,Russia,RU
RUS,2021-01-04,NA,92069794,3226758,2612934,58203,NA,NA,NA,144478050,2,2,2,3,0,1,0,3,2,3,2,47.69,RUS,RU,643,RUB,1,Russia,NA,NA,60,100,NA,Russia,RU
RUS,2021-01-05,NA,92338414,3250713,2635242,58706,NA,NA,NA,144478050,2,2,2,3,0,1,1,3,2,3,2,50.46,RUS,RU,643,RUB,1,Russia,NA,NA,60,100,NA,Russia,RU
RUS,2021-01-06,NA,92638479,3274615,2657994,59137,NA,NA,NA,144478050,2,2,2,3,0,1,1,3,2,3,2,50.46,RUS,RU,643,RUB,1,Russia,NA,NA,60,100,NA,Russia,RU
RUS,2021-01-07,NA,92968891,3297833,2681373,59628,NA,NA,NA,144478050,2,2,2,3,0,1,1,3,2,3,2,50.46,RUS,RU,643,RUB,1,Russia,NA,NA,60,100,NA,Russia,RU
RUS,2021-01-08,NA,93237559,3321163,2702949,60067,NA,NA,NA,144478050,2,2,2,3,0,1,1,3,2,3,2,50.46,RUS,RU,643,RUB,1,Russia,NA,NA,60,100,NA,Russia,RU
RUS,2021-01-09,NA,93579964,3344175,2726336,60523,NA,NA,NA,144478050,2,2,2,3,0,1,1,3,2,3,2,50.46,RUS,RU,643,RUB,1,Russia,NA,NA,60,100,NA,Russia,RU
RUS,2021-01-10,NA,93963616,3366715,2750102,60963,NA,NA,NA,144478050,2,2,2,3,0,1,1,3,2,3,2,50.46,RUS,RU,643,RUB,1,Russia,NA,NA,60,100,NA,Russia,RU
RUS,2021-01-11,NA,94289973,3389733,2771793,61389,NA,NA,NA,144478050,2,2,2,3,0,1,1,3,2,3,2,50.46,RUS,RU,643,RUB,1,Russia,NA,NA,60,100,NA,Russia,RU
RUS,2021-01-12,NA,94631354,3412390,2796132,61908,NA,NA,NA,144478050,2,2,2,3,0,1,1,3,2,3,2,50.46,RUS,RU,643,RUB,1,Russia,NA,NA,60,100,NA,Russia,RU
RUS,2021-01-13,1000000,95096382,3434934,2824240,62463,NA,NA,NA,144478050,2,2,2,3,0,1,1,3,2,3,2,50.46,RUS,RU,643,RUB,1,Russia,NA,NA,60,100,NA,Russia,RU
RUS,2021-01-14,NA,95627406,3459237,2851737,63016,NA,NA,NA,144478050,2,2,2,3,0,1,1,3,2,3,2,50.46,RUS,RU,643,RUB,1,Russia,NA,NA,60,100,NA,Russia,RU
RUS,2021-01-15,NA,96211226,3483531,2879082,63558,NA,NA,NA,144478050,2,2,2,3,0,1,1,3,2,3,2,50.46,RUS,RU,643,RUB,1,Russia,NA,NA,60,100,NA,Russia,RU
RUS,2021-01-16,NA,96690043,3507201,2905972,64134,NA,NA,NA,144478050,2,2,2,3,0,1,1,3,2,3,2,50.46,RUS,RU,643,RUB,1,Russia,NA,NA,60,100,NA,Russia,RU
RUS,2021-01-17,NA,97063166,3530379,2929255,64601,NA,NA,NA,144478050,2,2,2,3,0,1,1,3,2,3,2,50.46,RUS,RU,643,RUB,1,Russia,NA,NA,60,100,NA,Russia,RU
RUS,2021-01-18,NA,97321075,3552888,2947479,65059,NA,NA,NA,144478050,2,2,2,3,0,1,1,3,2,3,2,50.46,RUS,RU,643,RUB,1,Russia,NA,NA,60,100,NA,Russia,RU
RUS,2021-01-19,NA,97641786,3574330,2970450,65632,NA,NA,NA,144478050,2,2,2,3,0,1,1,3,2,3,2,50.46,RUS,RU,643,RUB,1,Russia,NA,NA,60,100,NA,Russia,RU
RUS,2021-01-20,NA,98052319,3595136,2995256,66214,NA,NA,NA,144478050,2,2,2,3,0,1,1,3,2,3,2,50.46,RUS,RU,643,RUB,1,Russia,NA,NA,60,100,NA,Russia,RU
RUS,2021-01-21,NA,98509055,3616680,3021861,66810,NA,NA,NA,144478050,2,2,2,3,0,1,1,3,2,3,2,50.46,RUS,RU,643,RUB,1,Russia,NA,NA,60,100,NA,Russia,RU
RUS,2021-01-22,NA,98945575,3637862,3048837,67376,NA,NA,NA,144478050,2,2,2,3,0,1,1,3,2,3,2,50.46,RUS,RU,643,RUB,1,Russia,NA,NA,60,100,NA,Russia,RU
RUS,2021-01-23,NA,99386781,3658447,3076236,67919,NA,NA,NA,144478050,2,2,2,3,0,1,1,3,2,3,2,50.46,RUS,RU,643,RUB,1,Russia,NA,NA,60,100,NA,Russia,RU
RUS,2021-01-24,NA,99722017,3679247,3098505,68397,NA,NA,NA,144478050,2,2,2,3,0,1,1,3,2,3,2,50.46,RUS,RU,643,RUB,1,Russia,NA,NA,60,100,NA,Russia,RU
RUS,2021-01-25,NA,100014384,3698246,3117405,68841,NA,NA,NA,144478050,2,2,2,3,0,1,1,3,2,3,2,50.46,RUS,RU,643,RUB,1,Russia,NA,NA,60,100,NA,Russia,RU
RUS,2021-01-26,NA,100356399,3716228,3140930,69391,NA,NA,NA,144478050,2,2,2,3,0,1,1,3,2,3,2,50.46,RUS,RU,643,RUB,1,Russia,NA,NA,60,100,NA,Russia,RU
RUS,2021-01-27,NA,100753479,3733692,3168370,69971,NA,NA,NA,144478050,2,2,2,3,0,1,1,3,2,3,2,50.46,RUS,RU,643,RUB,1,Russia,NA,NA,60,100,NA,Russia,RU
RUS,2021-01-28,NA,101164751,3752548,3194825,70533,NA,NA,NA,144478050,2,2,2,3,0,1,1,3,2,3,2,50.46,RUS,RU,643,RUB,1,Russia,NA,NA,60,100,NA,Russia,RU
RUS,2021-01-29,NA,101588248,3771514,3220651,71054,NA,NA,NA,144478050,2,2,2,3,0,1,1,3,2,3,2,50.46,RUS,RU,643,RUB,1,Russia,NA,NA,60,100,NA,Russia,RU
RUS,2021-01-30,NA,102002995,3790265,3244856,71556,NA,NA,NA,144478050,2,1,2,3,0,1,1,3,2,3,2,46.76,RUS,RU,643,RUB,1,Russia,NA,NA,60,100,NA,Russia,RU
RUS,2021-01-31,NA,102336060,3808348,3264611,72029,NA,NA,NA,144478050,2,1,2,3,0,1,1,3,2,3,2,46.76,RUS,RU,643,RUB,1,Russia,NA,NA,60,100,NA,Russia,RU
RUS,2021-02-01,NA,102537361,3825739,3282631,72456,NA,NA,NA,144478050,2,1,2,3,0,1,0,3,2,2,0,45.83,RUS,RU,643,RUB,1,Russia,NA,NA,60,100,NA,Russia,RU
RUS,2021-02-02,NA,102824417,3842145,3304311,72982,NA,NA,NA,144478050,2,1,2,3,0,1,0,3,2,2,0,45.83,RUS,RU,643,RUB,1,Russia,NA,NA,60,100,NA,Russia,RU
RUS,2021-02-03,NA,103207138,3858367,3328696,73497,NA,NA,NA,144478050,2,1,2,3,0,1,0,3,2,2,0,45.83,RUS,RU,643,RUB,1,Russia,NA,NA,60,100,NA,Russia,RU
RUS,2021-02-04,NA,103665675,3874830,3352720,74005,NA,NA,NA,144478050,2,1,2,3,0,1,0,3,2,2,0,45.83,RUS,RU,643,RUB,1,Russia,NA,NA,60,100,NA,Russia,RU
RUS,2021-02-05,NA,NA,3891274,3375999,74520,NA,NA,NA,144478050,2,1,2,3,0,1,0,3,2,2,0,45.83,RUS,RU,643,RUB,1,Russia,NA,NA,60,100,NA,Russia,RU
RUS,2021-02-06,NA,NA,3907653,3398545,75010,NA,NA,NA,144478050,2,1,2,3,0,1,0,3,2,2,0,45.83,RUS,RU,643,RUB,1,Russia,NA,NA,60,100,NA,Russia,RU
RUS,2021-02-07,NA,104792837,3923461,3418329,75430,NA,NA,NA,144478050,2,1,2,3,0,1,0,3,2,2,0,45.83,RUS,RU,643,RUB,1,Russia,NA,NA,60,100,NA,Russia,RU
RUS,2021-02-08,NA,NA,3939162,3434163,75828,NA,NA,NA,144478050,2,1,2,3,0,1,0,3,NA,2,0,34.72,RUS,RU,643,RUB,1,Russia,NA,NA,60,100,NA,Russia,RU
RUS,2021-02-09,NA,NA,3953970,3455582,76347,NA,NA,NA,144478050,2,1,2,3,0,1,0,3,NA,2,0,34.72,RUS,RU,643,RUB,1,Russia,NA,NA,60,100,NA,Russia,RU
RUS,2021-02-10,3900000,105646510,3968228,3477760,76873,NA,NA,NA,144478050,2,1,2,3,0,1,0,3,NA,NA,NA,34.72,RUS,RU,643,RUB,1,Russia,NA,NA,60,100,NA,Russia,RU
RUS,2021-02-11,NA,106045987,3983031,3499230,77415,NA,NA,NA,144478050,2,1,2,3,0,1,0,3,NA,NA,NA,34.72,RUS,RU,643,RUB,1,Russia,NA,NA,60,100,NA,Russia,RU
RUS,2021-02-12,NA,NA,3997898,3519689,77911,NA,NA,NA,144478050,2,1,2,3,0,1,0,3,NA,NA,NA,34.72,RUS,RU,643,RUB,1,Russia,NA,NA,60,100,NA,Russia,RU
RUS,2021-02-13,NA,106817543,4012538,3538241,78403,NA,NA,NA,144478050,2,1,2,3,0,1,0,3,NA,NA,NA,34.72,RUS,RU,643,RUB,1,Russia,NA,NA,60,100,NA,Russia,RU
RUS,2021-02-14,NA,107117478,4026506,3553326,78825,NA,NA,NA,144478050,2,1,2,3,0,1,0,3,NA,NA,NA,34.72,RUS,RU,643,RUB,1,Russia,NA,NA,60,100,NA,Russia,RU
RUS,2021-02-15,NA,107321966,4040505,3567189,79210,NA,NA,NA,144478050,2,1,2,3,0,1,0,3,NA,NA,NA,34.72,RUS,RU,643,RUB,1,Russia,NA,NA,60,100,NA,Russia,RU
RUS,2021-02-16,NA,107599537,4053535,3584477,79659,NA,NA,NA,144478050,2,1,2,3,0,1,0,3,NA,NA,NA,34.72,RUS,RU,643,RUB,1,Russia,NA,NA,60,100,NA,Russia,RU
RUS,2021-02-17,NA,107962703,4066164,3602163,80118,NA,NA,NA,144478050,2,1,2,3,0,1,0,3,NA,NA,NA,34.72,RUS,RU,643,RUB,1,Russia,NA,NA,60,100,NA,Russia,RU
RUS,2021-02-18,NA,108337266,4079407,3620551,80587,NA,NA,NA,144478050,2,1,2,3,0,1,0,3,NA,NA,NA,34.72,RUS,RU,643,RUB,1,Russia,NA,NA,60,100,NA,Russia,RU
RUS,2021-02-19,NA,NA,4092649,3639011,81048,NA,NA,NA,144478050,2,1,2,3,0,1,0,3,NA,NA,NA,34.72,RUS,RU,643,RUB,1,Russia,NA,NA,60,100,NA,Russia,RU
RUS,2021-02-20,NA,NA,4105424,3656314,81517,NA,NA,NA,144478050,2,1,2,3,0,1,0,3,NA,NA,NA,34.72,RUS,RU,643,RUB,1,Russia,NA,NA,60,100,NA,Russia,RU
